num_transforms,C_crf,crf_letter_accuracy,crf_word_accuracy,crf_nfeval,crf_rc,crf_seconds,C_svm,svm_letter_accuracy,svm_word_accuracy,svm_seconds
0,100.0,0.47557065424841594,0.17243384704856063,85,1,44.806,100.0,0.3709825177494465,0.015702239022971794,445.593
500,100.0,0.4659134285059928,0.15236987496365223,75,1,40.019,100.0,0.2937247118100618,0.009305030532131433,600.128
1000,100.0,0.45492022291778,0.13899389357371328,67,1,36.029,100.0,0.29563325444690436,0.008141901715615005,571.623
1500,100.0,0.43972822352851365,0.12125617912183774,69,1,36.932,100.0,0.2765478280784793,0.0061064262867112536,1521.512
2000,100.0,0.42350561111535234,0.10468159348647862,69,1,36.868,100.0,0.2734559890067944,0.005234079674323932,413.205
