obj_evals,train_objective,test_word_error
6,21519.216292592864,1.0
8,19789.659944345454,1.0
16,17934.823500945873,0.9965106135504507
25,17539.994062806458,0.9956382669380633
30,17527.60044270477,0.9956382669380633
38,17492.975083768197,0.9959290491421925
48,17283.54152454511,0.9959290491421925
56,15804.810470542157,0.9968013957545798
