num_transforms,C,letter_accuracy,word_accuracy,nfeval,rc,seconds
0,100.0,0.47557065424841594,0.17243384704856063,85,1,44.366
500,100.0,0.4659134285059928,0.1520790927595231,91,1,48.495
1000,100.0,0.45495839377051683,0.1392846757778424,91,1,47.987
1500,100.0,0.4398045652339873,0.12154696132596685,89,1,46.496
2000,100.0,0.42342926940987863,0.10468159348647862,86,1,44.893
