model,c,letter_acc,word_acc
CRF,1,0.4483930070997786,0.0119220703692934
CRF,10,0.691541339033514,0.16196568769991276
CRF,100,0.8055958470112222,0.3812154696132597
CRF,1000,0.8376211924574395,0.4728118639139285
