model,c,letter_acc,word_acc
SVM-MC,1,0.6995572181082526,0.17272462925268975
SVM-MC,10,0.6993663638445683,0.1712707182320442
SVM-MC,100,0.699442705550042,0.17097993602791509
SVM-MC,1000,0.6993281929918315,0.17097993602791509
