model,c,letter_acc,word_acc
SVM-Struct,1,0.6522253607145584,0.13405059610351847
SVM-Struct,10,0.7504389648064738,0.26490258796161675
SVM-Struct,100,0.8219329719825941,0.41174760104681596
SVM-Struct,1000,0.846667684556073,0.4789182902006397
